chromosome,leftPosition,rightPosition,peakPosition,peakMinValue,numberPatients,mutPerKbMaf,mostFreqVClassification,SNR,meanOfmutrate,sdOfmutrate,mutPerKb,Hugo_Symbol,hotspot_length
10,118649,127947,124617,-4.7253193,34,6.77492203462738,3'Flank,5.17106444326535,-2.65034879325168,0.929095668505125,3.9789224647811605,TUBB8,9298
10,309876,310856,310617,-2.7437897999999996,7,7.1355759429153895,IGR,3.5408162714103297,-1.8936089406804197,0.638002711934402,7.1355759429153895,UnknownGene,980
10,417609,417685,417609,-3.6612497999999998,5,77.9220779220779,Intron,4.51775848211916,-2.33320158164958,0.745806317396441,64.9350649350649,DIP2C,76
10,781351,784410,783607,-3.9134743999999997,16,6.20915032679739,IGR,5.30391583643775,-2.3884395195519703,0.9984240457234341,5.55555555555556,UnknownGene,3059
10,1258065,1258630,1258577,-4.7237194,6,12.3674911660777,Intron,4.09967738681763,-2.61755872691051,1.6871882737784698,10.6007067137809,ADARB2,565
10,1382323,1383646,1383621,-3.3574498999999998,9,6.797583081570999,Intron,3.59391547654529,-2.20749107799559,0.957099035489568,6.04229607250755,ADARB2,1323
10,1480271,1480966,1480757,-2.8319672000000002,6,10.0574712643678,Intron,3.3815515711147404,-2.01557909866533,0.7047444568517279,8.62068965517241,ADARB2,695
10,1505691,1506548,1506350,-3.2493814,6,6.99300699300699,Intron,3.49331103155946,-2.1922086804382,0.9149279229872229,6.99300699300699,ADARB2,857
10,1618521,1619633,1619531,-4.6617745,10,9.88319856244385,Intron,5.17117442141408,-2.8687410905375295,1.42115137388227,7.1877807726864305,ADARB2,1112
10,1658625,1659841,1659395,-4.3281754999999995,18,18.898931799507,Intron,7.17978993137646,-2.8237799020228396,0.721693442272891,13.968775677896499,ADARB2,1216
10,2278204,2278418,2278414,-6.1615176,12,60.4651162790698,IGR,11.709802299503801,-4.01763518083363,1.44983101208168,55.8139534883721,UnknownGene,214
10,3157476,3157669,3157566,-3.4469567000000003,4,25.7731958762887,Intron,3.6386918895863505,-2.5130190339517005,1.0464805591190698,20.618556701030897,PFKP,193
10,3498504,3500954,3500241,-5.5473777,27,13.0558955528356,IGR,12.204167383783698,-3.3245082792821496,1.02424116240812,11.015911872704999,ENSR00000349723,2450
10,4190664,4191725,4191647,-3.4638947,7,6.591337099811679,IGR,4.16376258751378,-2.14557909889536,1.10490398037123,5.64971751412429,UnknownGene,1061
10,5411894,5412871,5412006,-4.973638200000001,14,14.3149284253579,Intron,9.89596929805255,-3.45322711910823,1.1640514733461,13.2924335378323,UCN3,977
10,6490970,6492801,6490970,-3.616687,6,6.550218340611349,Intron,3.68022858732561,-1.6482509167401298,1.07194358581549,3.27510917030568,PRKCQ,1831
10,6672537,6674702,6672874,-8.1167813,19,12.4653739612188,IGR,13.179721512390802,-3.9198807416967796,2.5556645134411298,9.23361034164358,UnknownGene,2165
10,6866325,6873047,6870541,-4.5731025,32,7.28841291090287,Intron,3.94865212663544,-2.3357707475373997,1.13603979452555,5.05726610144281,LINC00707,6722
10,7515199,7516376,7515942,-2.850084,8,6.7911714770798,5'Flank,4.00549523993705,-2.1330049550020598,0.75478829127902,5.9422750424448205,RP5-1031D4.2,1177
10,8404529,8408297,8404928,-7.225776400000001,34,11.939506500398,IGR,4.30796865424236,-4.0662377418417295,1.8062690194126,8.755638100291849,UnknownGene,3768
10,8422433,8423514,8423514,-5.2580827,7,6.469500924214421,IGR,5.73769630892277,-4.40130263552887,1.7387744102264602,4.6210720887245795,ENSR00001602160,1081
10,9362537,9363246,9362880,-2.5581457999999997,6,8.45070422535211,IGR,4.49376457120111,-1.80878919420746,0.558054780095346,8.45070422535211,UnknownGene,709
10,10307804,10309443,10308572,-3.8057116,12,9.75609756097561,IGR,6.69473109782675,-2.03052880385901,0.8811830094542621,6.70731707317073,UnknownGene,1639
10,12736070,12736299,12736299,-4.2112101,7,34.7826086956522,Intron,9.06002466065056,-3.977497403284,0.23635782866509303,30.4347826086957,CAMK1D,229
10,13154181,13157476,13157428,-6.452255999999999,15,6.06796116504854,Intron,12.4584337311089,-3.47407638249152,2.00374402339115,3.9441747572815498,OPTN,3295
10,13300998,13301249,13301182,-5.1267328,7,31.7460317460317,IGR,7.1194552257469,-3.2086248339474,1.8674892911869898,23.809523809523803,UnknownGene,251
10,14610337,14610584,14610337,-3.2130406000000002,5,20.1612903225806,Intron,3.53338256624283,-1.59752155550645,1.18241636718425,16.1290322580645,FAM107B,247
10,14868094,14868172,14868094,-2.6415962000000004,4,50.6329113924051,Intron,4.70718286104876,-1.68506736480629,0.857233087123437,50.6329113924051,CDNF,78
10,15036780,15038515,15036780,-2.7419092000000003,8,8.640552995391701,3'Flank,6.29539372177776,-1.73729802230386,0.685291909463465,4.60829493087558,OR7E26P,1735
10,15191436,15191532,15191465,-4.2487907,4,51.54639175257729,Intron,5.919929297672679,-3.5482408752126497,1.3346550581468701,41.237113402061894,NMT2,96
10,15736191,15736427,15736191,-3.2864904999999998,6,25.316455696202503,Intron,5.22122380363095,-2.34487525197089,0.930808216171421,25.316455696202503,ITGA8,236
10,19799414,19799427,19799414,-5.5290387,5,357.142857142857,Intron,4.6377789596872,-3.4104485091289902,1.82501539241231,357.142857142857,MALRD1,13
10,20254648,20255372,20255372,-2.4041113999999997,7,9.6551724137931,Intron,3.98083813836787,-2.2198344658448503,0.32633534681946,6.89655172413793,PLXDC2,724
10,29177705,29177813,29177729,-4.3836996,8,73.394495412844,IGR,6.60920232854962,-3.3668561877916403,0.986424228226905,55.045871559633,UnknownGene,108
10,29716168,29716285,29716193,-5.4726038,9,118.64406779661002,3'Flank,9.355175585996788,-4.61095892013536,1.61840052498925,59.3220338983051,PTCHD3P1,117
10,31446881,31446950,31446950,-8.4502625,6,85.71428571428571,IGR,13.198488446194801,-7.6831183069111395,1.70634399858809,85.71428571428571,ENSR00000352882,69
10,31650623,31651075,31650995,-2.9606098,5,11.037527593819,Intron,3.85832542258205,-2.3135239525906,0.9596278431888791,11.037527593819,ZEB1,452
10,31976102,31977852,31976369,-5.8751168,14,8.5665334094803,IGR,9.103211488994802,-3.63537046028247,1.7008220878401201,7.424328954882919,UnknownGene,1750
10,32461403,32462465,32462271,-3.6373964,8,7.52587017873942,5'Flank,3.8266621325120496,-1.9272213553836497,1.15124732282339,5.644402634054559,RNU7-22P,1062
10,33332173,33332177,33332173,-7.5802546,8,1600.0,Intron,10.1646255289186,-5.369391913391389,2.39641990897804,1400.0,RP11-462L8.1,4
10,33861394,33861631,33861627,-7.3708636,8,33.613445378151305,IGR,7.306324943268129,-3.9058743106459506,2.5201327403979503,29.411764705882398,UnknownGene,237
10,38436570,38437304,38437255,-3.451135,6,9.52380952380952,3'Flank,4.25943665960596,-1.89508181841123,0.9992085793056591,6.80272108843537,RP11-508N22.12,734
10,38737915,38739176,38738231,-1.9082421000000003,9,7.9239302694136295,3'Flank,3.90734821783085,-1.4020454514096001,0.367723884438635,7.13153724247227,LINC00999,1261
10,38778775,38780544,38779572,-6.503091,17,13.559322033898301,IGR,4.02914641978041,-1.92750767978827,1.71557254312441,9.604519774011301,UnknownGene,1769
10,38804327,38804327,38804327,-6.852315700000001,7,7000.0,IGR,4.71942104360103,-6.7776839870280305,0.122215196303121,7000.0,UnknownGene,0
10,38813900,38815123,38814556,-6.8630303,20,18.7908496732026,IGR,7.654849719937509,-3.51142232281564,2.4954565651774,16.3398692810458,UnknownGene,1223
10,38878810,38879731,38879498,-5.8110601,20,26.0303687635575,IGR,4.012649685461549,-2.55907539764963,1.4578309427141,21.6919739696312,UnknownGene,921
10,38908058,38908081,38908081,-6.0183133,7,291.66666666666697,IGR,3.74109180975864,-5.40221914264526,1.1717608604221001,208.333333333333,UnknownGene,23
10,38945141,38946454,38945999,-6.4178632,23,24.353120243531198,Intron,5.94230446948761,-3.50711187330652,2.57659707377152,19.0258751902588,SLC9B1P3,1313
10,38951560,38951963,38951876,-5.9497184,16,39.603960396039604,Intron,4.15124703069646,-2.8595664719443796,1.6699300765766498,37.1287128712871,SLC9B1P3,403
10,39056683,39056723,39056723,-3.4138606,5,121.951219512195,5'Flank,3.2689065418655003,-3.1261198530505196,0.4696587216613879,121.951219512195,RP11-453N3.1,40
10,39102034,39102197,39102188,-3.3490648999999997,7,42.6829268292683,IGR,4.014244092659331,-2.1704499179604797,0.960102506636958,42.6829268292683,UnknownGene,163
10,39124817,39125009,39125003,-4.1642222,6,31.088082901554397,IGR,3.57515962121988,-2.8934985046040804,1.5102735881907499,31.088082901554397,UnknownGene,192
10,39143058,39143058,39143058,-5.7007624,6,6000.0,IGR,4.64529662973663,-5.63222046400112,0.0699408321017537,5000.0,UnknownGene,0
10,42366720,42368147,42368146,-5.3522127,22,18.2072829131653,IGR,7.23992192741652,-2.38774747484567,1.3681111462978999,14.705882352941199,UnknownGene,1427
10,42452566,42453005,42452998,-4.1766458,10,25.0,IGR,3.5516771594905903,-1.9004237662183898,1.46782059922508,18.181818181818198,UnknownGene,439
10,42531179,42531380,42531380,-6.2881609,12,94.0594059405941,IGR,6.978021471187559,-4.91366238486002,1.48879962778907,64.3564356435644,UnknownGene,201
10,42601895,42603036,42602448,-6.2802723,41,45.5341506129597,IGR,5.64331697243366,-2.99600104004279,1.55055176059443,38.528896672504395,UnknownGene,1141
10,42605691,42606460,42606448,-4.8056745,19,35.0649350649351,IGR,3.4841023201022296,-2.56952366499221,1.5039825809498601,23.376623376623396,UnknownGene,769
10,42615976,42616591,42616023,-6.21945,20,50.32467532467529,IGR,5.17187513682521,-3.53687711123565,1.8204855813976002,40.5844155844156,UnknownGene,615
10,42616829,42617237,42617045,-6.2713638,44,168.704156479218,IGR,9.206344599658099,-4.4462163217334405,1.4716981583751398,112.469437652812,UnknownGene,408
10,42622313,42623560,42622819,-5.8210959,51,76.1217948717949,IGR,3.8171690867205603,-2.9982395669001205,1.07225998591065,53.685897435897395,UnknownGene,1247
10,42626382,42626575,42626454,-6.3190275,23,190.72164948453602,IGR,5.28150759868658,-4.45028393312478,1.14087976423047,144.32989690721598,UnknownGene,193
10,42626717,42627293,42627265,-4.5870232,23,48.526863084922,IGR,3.44429378978225,-2.9283970759516205,1.0811042981587,34.662045060658606,UnknownGene,576
10,42631222,42631749,42631331,-5.3516635,44,126.893939393939,IGR,3.52938440969786,-3.8297399889837402,1.02408698120691,104.166666666667,UnknownGene,527
10,42631222,42632436,42632240,-5.4994252999999995,54,71.60493827160491,IGR,3.52938440969786,-3.5182792052866203,1.3129398210743402,60.082304526749,UnknownGene,1214
10,42638043,42640403,42638389,-6.333080799999999,60,42.354934349851796,IGR,5.25128075790566,-2.96202589144145,1.8265198748073899,33.8839474798814,UnknownGene,2360
10,42642427,42643464,42643126,-5.727492400000001,38,48.16955684007711,3'Flank,5.02435399363505,-2.89372807655873,1.28588439695962,38.5356454720617,KSR1P1,1037
10,42649725,42650575,42649961,-5.5413722000000005,39,61.104582843713295,5'Flank,7.078900392984179,-3.13760501352221,1.32932507619748,48.17861339600471,KSR1P1,850
10,42671763,42672501,42672410,-4.4336206,24,43.301759133964794,IGR,4.736348797843,-2.2848986772891204,1.01135078934172,33.82949932341,UnknownGene,738
10,42681833,42682064,42681965,-4.9591364,12,64.65517241379311,3'Flank,7.09805854070992,-3.4524878696323698,1.38052292602927,60.3448275862069,IGKV1OR10-1,231
10,42707068,42707191,42707068,-3.7246557,5,56.451612903225794,3'Flank,3.7101121349331803,-2.18042815843135,1.4125651078537602,56.451612903225794,AL031601.4,123
10,42727667,42728163,42728117,-5.1302653,10,30.1810865191147,3'Flank,5.06692417739569,-2.84686421835217,1.7591661938321999,22.1327967806841,AL031601.1,496
10,42756651,42758041,42758033,-4.3280457000000006,17,17.2537742631201,IGR,3.66349428204353,-2.0322031211981297,1.2890024117428998,10.064701653486699,UnknownGene,1390
10,42816765,42817774,42817319,-6.866301700000001,12,15.841584158415802,IGR,7.43477517655352,-3.06953221199614,2.93253196180103,13.8613861386139,UnknownGene,1009
10,42853947,42854166,42854137,-3.7915547999999997,6,36.363636363636395,Intron,3.3925681434914,-2.4211011597133,1.31279589306324,18.181818181818198,RP11-313J2.1,219
10,42924415,42926149,42925684,-5.0869902,14,12.680115273775199,Intron,7.0481751805832396,-2.92924869823036,1.68761254030554,8.645533141210379,CCNYL2,1734
10,42992069,42994262,42994132,-4.7498883,16,13.6736554238833,3'Flank,5.97173045129158,-2.73374625473446,1.4676132075008703,5.013673655423879,LINC00839,2193
10,44885172,44885174,44885172,-3.7923703,4,1333.33333333333,5'Flank,3.38702750766762,-2.24245050819171,1.75827224116651,1333.33333333333,CXCL12,2
10,54592608,54594787,54593986,-5.3213812,24,12.385321100917402,IGR,16.1380118891716,-3.5828585053189905,1.31891279379146,10.550458715596301,UnknownGene,2179
10,56538796,56539274,56539241,-4.9501175,12,29.227557411273498,Intron,7.12261355882892,-3.16773903043813,1.3431048589554098,20.8768267223382,PCDH15,478
10,57104369,57104917,57104917,-7.8990995999999996,8,16.3934426229508,Intron,15.539734305975498,-6.600817008702119,2.41579274928766,12.7504553734062,RP11-168O22.1,548
10,57297224,57298692,57298268,-2.5511372000000003,11,8.168822328114361,Intron,5.88675066370855,-1.82847612161194,0.658631012960209,6.126616746085769,RP11-168O22.1,1468
10,57948946,57949620,57949546,-3.6896748999999995,6,16.2962962962963,IGR,4.97194922201371,-2.34354375199904,0.72483818728,8.888888888888891,UnknownGene,674
10,58641647,58642876,58642743,-2.8705152999999997,10,8.943089430894311,IGR,4.155800447285,-1.62702725167199,0.4847236010908929,7.31707317073171,UnknownGene,1229
10,59019815,59019856,59019856,-7.5526537,7,190.47619047619,IGR,12.969386484692302,-6.85359460987108,1.3182609352221102,142.857142857143,UnknownGene,41
10,59162177,59162407,59162405,-6.0766907,4,17.3160173160173,IGR,3.55899894073834,-3.54385161260526,1.69509761140552,17.3160173160173,UnknownGene,230
10,59899298,59899317,59899298,-5.4540586,7,350.0,IGR,4.36372419827752,-2.5595192610076403,1.89444775487161,250.0,UnknownGene,19
10,61201113,61201625,61201113,-2.607282,4,9.74658869395711,IGR,4.99154263695795,-1.5336607571885,0.971708571483292,7.79727095516569,UnknownGene,512
10,62226879,62229010,62228981,-6.0059947,14,7.5046904315197,Intron,11.5189767943516,-3.67591666903588,1.7003539410933701,5.628517823639769,ANK3,2131
10,64129972,64131148,64131119,-5.539919599999999,20,19.5412064570943,5'Flank,15.5689256919915,-3.85633665605619,1.2748166762886202,17.841971112999197,ZNF365,1176
10,66312792,66313520,66313422,-3.9060898,8,10.9739368998628,IGR,6.052760524852821,-2.5780032191879103,0.978712409048869,9.60219478737997,UnknownGene,728
10,68189415,68189811,68189415,-1.7118202,4,10.075566750629699,Intron,4.602154385804,-1.18412248643345,0.468897665031783,10.075566750629699,CTNNA3,396
10,73517706,73519777,73519663,-5.3524659,13,7.722007722007719,Intron,10.4511367666396,-3.49673346804905,1.46356327599341,4.82625482625483,CDH23,2071
10,78125122,78125558,78125421,-5.471341799999999,9,36.613272311212796,Intron,9.558603648911081,-3.2158969974244305,1.4435460651103202,20.5949656750572,C10orf11,436
10,83106155,83106526,83106526,-7.4917179,7,18.8172043010753,IGR,8.18039059124284,-5.439587070881291,2.7986262729745,13.440860215053801,UnknownGene,371
10,84106623,84106691,84106623,-3.9608657,5,101.44927536231899,Intron,4.62792876511743,-2.2661109647034103,1.5757694786258,72.463768115942,NRG3,68
10,84821945,84822142,84821969,-4.6876074999999995,10,55.5555555555556,IGR,8.84095894967832,-3.10812156426252,1.78375113534697,50.5050505050505,UnknownGene,197
10,86217013,86217084,86217079,-5.957915799999999,5,83.3333333333333,Intron,8.45397505799969,-4.67438536121458,1.4499566280548302,69.4444444444444,CCSER2,71
10,86553732,86553867,86553843,-5.0565807000000005,7,66.17647058823529,IGR,6.93839063728678,-3.59768031589328,1.61415175524133,51.4705882352941,UnknownGene,135
10,93332020,93333048,93333012,-5.0924324,6,7.77453838678329,IGR,5.881371275205929,-3.53124193724055,1.6378733134184098,5.8309037900874605,UnknownGene,1028
10,99600941,99602215,99601189,-3.7912059,11,9.41176470588235,Intron,8.52763558546291,-2.71262299985093,1.01762365498573,7.84313725490196,LINC00866,1274
10,101573924,101574394,101574297,-3.9977946,5,10.6157112526539,Intron,6.55482523595137,-2.2716913643304597,1.31887224784022,10.6157112526539,ABCC2,470
10,102036576,102037986,102037491,-3.4556527000000004,11,8.504606661941889,Intron,6.6843864649126195,-2.6309028740684703,0.7949458195455891,6.3784549964564095,BLOC1S2,1410
10,104397451,104397926,104397893,-4.8543057,7,14.705882352941199,3'Flank,6.9111462884616195,-2.91811383667343,1.33401460405004,14.705882352941199,SUFU,475
10,106455827,106456291,106455827,-3.3500626000000002,7,17.204301075268802,Intron,4.91071208191262,-2.3294951292131,1.08611765655719,15.0537634408602,SORCS3,464
10,108619032,108619673,108619600,-1.8960398,5,7.788161993769469,Intron,3.6219487362940197,-1.45664376986754,0.418389005950296,6.230529595015581,SORCS1,641
10,109252338,109252667,109252599,-2.4076713,4,12.121212121212098,IGR,3.7378741016678196,-1.78267342313133,0.5032787836729671,12.121212121212098,UnknownGene,329
10,110332320,110332538,110332320,-3.8588359,7,31.9634703196347,IGR,3.91192041175231,-2.0719545030863498,1.3924820386381298,22.8310502283105,UnknownGene,218
10,110460811,110461797,110461787,-5.6867816,7,8.10536980749747,IGR,5.07552048479529,-2.90549196060063,2.30785321276263,6.0790273556231,UnknownGene,986
10,110987786,110988578,110988479,-4.2783499,7,11.349306431273599,IGR,7.16259200236655,-2.92699672907499,1.31646465838051,10.0882723833544,UnknownGene,792
10,112526164,112526829,112526559,-2.6214692000000004,4,7.50750750750751,Intron,3.33984625272846,-1.9453470193565199,0.7530944749458341,6.006006006006009,RBM20,665
10,113960002,113961310,113960004,-7.3097493,9,6.87547746371276,Intron,11.379267825978,-3.89550994666878,2.96509828789962,6.111535523300231,GPAM,1308
10,117380786,117380792,117380788,-7.152563099999999,9,1428.57142857143,Intron,12.291552612218,-5.23834217297118,2.1905694511398,1142.85714285714,ATRNL1,6
10,120602464,120602701,120602689,-3.6863763999999994,5,21.0084033613445,IGR,5.48673842944048,-3.3791463761009997,0.28129557343947303,21.0084033613445,UnknownGene,237
10,121481118,121482017,121482006,-6.6367632,8,8.888888888888891,5'Flank,6.572635825407961,-4.42148724185477,3.04003876270021,5.55555555555556,INPP5F,899
10,122488804,122493275,122493148,-6.1275853,30,10.2862254025045,IGR,4.9622372453228305,-4.288274715381649,1.6441765573751297,7.8264758497316596,UnknownGene,4471
10,127574661,127589447,127587652,-5.2348419,75,9.19726787042673,5'Flank,3.52397361511815,-3.0554307259446003,1.21692932646793,6.9655778724555395,DHX32,14786
10,127611084,127615455,127615020,-4.7143261,28,7.7767612076852695,Intron,5.9800787094138,-2.5112009501365398,0.9200708939986059,5.7182067703568205,FANK1,4371
10,130381549,130381732,130381701,-3.9197317000000003,5,27.173913043478304,IGR,3.6537968332477795,-2.51067359630117,1.21212677401292,21.7391304347826,UnknownGene,183
10,130998509,130999506,130998509,-2.1860553,5,6.01202404809619,IGR,4.1066172040796,-1.48480612173468,0.543764703315488,6.01202404809619,UnknownGene,997
10,131822553,131822654,131822623,-3.628175,4,49.019607843137294,IGR,4.20701560001009,-3.4776671935302503,0.16863695888471697,39.2156862745098,ENSR00001613296,101
10,132369440,132371162,132371010,-4.2735303,11,6.96459663377829,IGR,6.90384668231794,-2.83451278629228,1.11296187715242,5.80383052814858,UnknownGene,1722
10,132778363,132780500,132779814,-2.9368252,12,7.01590271281572,IGR,5.475545686048879,-1.9977959891693202,0.753769670091096,4.6772684752104805,UnknownGene,2137
10,132842170,132842725,132842170,-2.9606642999999995,8,14.388489208633098,IGR,3.7551721153554602,-2.0733526668248,0.774476224565069,12.589928057554,UnknownGene,555
10,134004433,134005435,134004503,-4.0238702,12,13.9581256231306,Intron,5.39657643326323,-2.5510660773117597,1.07056123172398,9.97008973080758,DPYSL4,1002
10,134423616,134425399,134424893,-3.3433432,10,6.165919282511211,Intron,4.97811005353775,-2.07890335475502,0.9974071339485692,6.165919282511211,INPP5A,1783
10,134530572,134535033,134533628,-3.0778494999999997,23,6.27521290900941,Intron,6.102201495457031,-1.84642882932298,0.642479098169065,5.602868668758401,INPP5A,4461
10,134823714,134825020,134824913,-4.4391051,12,9.18133129303749,IGR,5.81058478517859,-2.64588106235979,1.3911382600465603,9.18133129303749,UnknownGene,1306
10,134968943,134969881,134969145,-3.3126507000000007,9,11.7145899893504,5'Flank,3.99050602374571,-2.56086554976258,0.59321796490065,8.519701810436631,UnknownGene,938
10,135354770,135354878,135354859,-3.0008197999999995,6,55.045871559633,Intron,3.68661153853914,-2.34880087181056,1.09529510306516,36.697247706422,SPRN,108
10,135458903,135459878,135459869,-6.918068099999999,13,23.5655737704918,3'Flank,8.21067239170588,-4.2858574271252,2.5346540708032004,12.295081967213099,AGGF1P2,975
10,135448970,135450290,135449654,-4.1548554,16,18.9250567751703,3'Flank,4.6099223409321395,-2.5386060606274,1.31552095429593,12.112036336109,RARRES2P2,1320
10,135467129,135469253,135469131,-3.9185108,30,21.647058823529395,3'Flank,4.97107410727167,-2.29306754167904,0.821734428714902,16.470588235294098,CLUHP5,2124
10,135523028,135524073,135523793,-3.428954,25,31.5487571701721,IGR,11.232051426582998,-2.2438575727483503,0.477556263677055,24.8565965583174,ENSR00001613646,1045
11,473332,475263,475160,-7.269056,9,6.728778467908901,Intron,5.29119833289139,-3.06013598981661,2.7686245560891,4.6583850931677,PTDSS2,1931
11,1128329,1130012,1129943,-4.8493628,9,7.71971496437055,IGR,4.3778791288559,-3.15023243634988,1.9776228963834097,4.1567695961995295,UnknownGene,1683
11,1212799,1213089,1212799,-8.2536054,10,34.3642611683849,RNA,10.119892207723499,-5.0153254381052195,2.80474500697417,34.3642611683849,MUC5AC,290
11,1891738,1895074,1893159,-4.2300772,21,7.49175906502847,Intron,10.6345726486488,-2.69611441521573,1.33380815477702,5.69373688942164,LSP1,3336
11,2958419,2959577,2959441,-2.8959402,7,6.90250215703192,IGR,3.96212167731192,-2.19348587853573,0.913686539285097,5.1768766177739405,UnknownGene,1158
11,3408055,3418542,3418536,-5.9775572,39,6.1022120518688,Intron,5.944882057370111,-2.0384304098847403,1.20131600258524,3.9092295957284504,TSSC2,10487
11,3515641,3516009,3515641,-4.279979900000001,7,27.10027100271,Intron,5.39155841485825,-2.48476132526323,1.7160989759344398,18.970189701897,RP13-726E6.1,368
11,3602338,3604533,3604499,-3.4270416,13,13.205828779599301,5'Flank,5.61230292921949,-2.1473460333056495,0.8328784793912729,5.919854280510019,RP13-726E6.2,2195
11,5182515,5183940,5183772,-3.0537022,7,6.31136044880785,Intron,4.08414103759658,-2.00662615878178,0.984760018432075,4.20757363253857,OR52A1,1425
11,5395170,5396438,5395224,-4.1772615,8,7.092198581560281,Intron,6.9791742073978,-2.7980179492347204,1.2680323572804,6.30417651694247,HBG2,1268
11,9692498,9693298,9693228,-4.4395998,7,9.987515605493131,Intron,3.78927764540587,-2.10611688717433,1.34205151678088,7.490636704119849,SWAP70,800
11,9989518,9989522,9989518,-7.225633500000001,4,800.0,Intron,3.9084707231528997,-3.87671193759242,3.84391112876447,800.0,SBF2,4
11,14177708,14182824,14182727,-5.2038937999999995,18,6.05823724838773,Intron,13.661047939558498,-3.5854807723201203,1.58367021363931,3.90854016025015,SPON1,5116
11,20186540,20186977,20186540,-3.1866326000000003,5,11.4155251141553,5'Flank,3.5996832522896804,-2.05414641305661,1.07466570313758,9.1324200913242,DBX1,437
11,20714555,20715252,20715252,-2.9834891,4,8.59598853868195,Intron,4.13017266578685,-2.64643650310893,0.60718786394816,5.73065902578797,NELL1,697
11,23911470,23911907,23911849,-5.2885212,7,18.2648401826484,IGR,7.80755365843362,-3.6245468530168803,1.81350035952434,13.698630136986301,UnknownGene,437
11,24346872,24347855,24347845,-6.4196753,7,7.11382113821138,IGR,10.4721270885304,-4.822236157277,2.01129763632531,7.11382113821138,UnknownGene,983
11,24622560,24623798,24623644,-5.0692455999999995,15,16.9491525423729,Intron,11.684221590650699,-3.6750621095365,1.46910347590979,12.106537530266301,LUZP2,1238
11,25562411,25562529,25562462,-6.6175162,7,126.05042016806699,3'Flank,10.8564145784307,-4.54335268605619,1.9285376130273202,75.6302521008403,AC015820.1,118
11,25684557,25686143,25686141,-7.1591081999999995,10,6.931316950220539,IGR,8.14549204217399,-3.67125895373023,2.25617680110998,5.6710775047259006,UnknownGene,1586
11,25923528,25923716,25923675,-4.892593499999999,8,58.20105820105821,IGR,6.3884565797000095,-3.25282685332663,1.2008855237103702,37.037037037037,UnknownGene,188
11,26530080,26530652,26530652,-8.4112792,9,17.4520069808028,Intron,12.2752763589893,-7.11300763408837,2.42532532652436,12.216404886562,ANO3,572
11,26690296,26690758,26690296,-2.5964867999999997,4,8.63930885529158,3'UTR,3.4750038963228196,-1.44877969225337,0.881062269636399,8.63930885529158,SLC5A12,462
11,26907499,26908048,26908035,-4.5176636,5,18.181818181818198,IGR,4.652430569999519,-3.1987299440025403,0.75948220286349,9.09090909090909,UnknownGene,549
11,30835206,30835210,30835206,-8.075371,7,1400.0,IGR,11.2420635963185,-5.0511096526859,3.6806942339928503,1400.0,UnknownGene,4
11,32363445,32364065,32363445,-1.8781528000000003,4,6.44122383252818,Intron,3.4026664575720096,-1.384524400098,0.557750909565538,6.44122383252818,RP1-65P5.1,620
11,37369231,37370419,37369231,-7.6317148,21,19.343986543313697,IGR,11.4694579502638,-3.46168986391475,2.04066538621354,15.1387720773759,UnknownGene,1188
11,37764156,37766428,37765744,-5.5155175000000005,18,9.238891333040039,IGR,10.7369602808662,-3.0745004006628798,1.46729566062318,7.91904971403432,UnknownGene,2272
11,39340995,39340995,39340995,-7.8601503,7,7000.0,IGR,13.460586300355198,-7.81141285683454,0.031286909474267,5000.0,UnknownGene,0
11,39877757,39878306,39877969,-2.1281896000000002,6,10.909090909090901,IGR,3.25589937221892,-1.7784707038071002,0.663608625507126,9.09090909090909,UnknownGene,549
11,40173020,40174130,40173020,-1.9200034,7,6.3006300630063,Intron,3.4812058652079303,-1.29463111843071,0.37878849357940503,5.4005400540054,LRRC4C,1110
11,40610232,40612753,40611916,-2.7892732999999996,11,6.3441712926249005,Intron,5.17622303714987,-1.62320097388418,0.744547830526212,4.36161776367962,LRRC4C,2521
11,40699902,40700571,40700239,-1.6886575000000001,4,7.46268656716418,Intron,3.98521349880968,-1.27735340129862,0.372868103028756,5.97014925373134,LRRC4C,669
11,41911005,41911028,41911022,-6.3162637,6,250.0,IGR,9.79069251494468,-4.91344390476875,2.23151875392606,208.333333333333,UnknownGene,23
11,42624413,42625106,42624934,-2.6388187999999997,6,8.645533141210379,IGR,3.52534286733153,-1.5243030235773602,0.875632142525354,5.763688760806919,UnknownGene,693
11,45142439,45145051,45143785,-2.3414377999999996,10,6.5059318790662095,Intron,4.65974078331847,-1.8162062925046598,0.5439830921500259,2.67891312667432,PRDM11,2612
11,47059289,47059782,47059522,-3.4793877999999996,6,12.145748987854303,Intron,4.59393168700615,-1.9825736149895001,1.21567598526657,12.145748987854303,C11orf49,493
11,48686582,48686582,48686582,-7.1822254,6,6000.0,IGR,7.77107079469043,-7.147396467611411,0.0282128210020704,5000.0,UnknownGene,0
11,48773365,48773566,48773545,-4.5752038,7,49.5049504950495,IGR,4.54078862750725,-3.44705299346418,1.0425979953262,34.6534653465347,UnknownGene,201
11,48802425,48803146,48803079,-5.6538972,14,20.7756232686981,IGR,6.545553888921041,-3.45527060907919,2.02901805142791,18.005540166205,UnknownGene,721
11,48829059,48829425,48829420,-5.2123852,10,38.14713896457771,IGR,3.8116664671432,-3.24153295047004,1.6930161463424298,27.2479564032698,UnknownGene,366
11,48876701,48877729,48877126,-7.0070545,27,35.957240038872705,IGR,8.46777242421976,-5.06113990265883,1.80903042933963,28.1827016520894,UnknownGene,1028
11,48889447,48890748,48890174,-6.2360313,22,23.0414746543779,IGR,4.99370520958453,-3.2594563942937005,1.8539514585337902,18.4331797235023,UnknownGene,1301
11,48892705,48895126,48894807,-5.8614995,40,20.2312138728324,IGR,4.21165814386134,-2.70370414982018,1.36776228121555,18.9925681255161,UnknownGene,2421
11,48935004,48935893,48935235,-6.2061162,34,43.820224719101105,3'Flank,10.274525716828,-4.06274036402744,1.80961507487852,38.2022471910112,RP11-56P9.4,889
11,48937986,48938908,48938720,-4.3528152,17,22.751895991332603,IGR,4.04543475730142,-2.3553530334707795,1.22149266602174,16.2513542795233,UnknownGene,922
11,48955919,48958008,48956890,-5.192970900000001,24,16.2679425837321,IGR,4.80807583801584,-2.81220740866732,1.6160925259539398,10.5263157894737,UnknownGene,2089
11,48962784,48963664,48963313,-5.2304296,14,17.0261066969353,5'Flank,7.26759944755324,-2.97935160073886,1.63295130090028,15.891032917139599,TRIM51CP,880
11,49846001,49847596,49847290,-2.2392321,10,6.265664160401,Intron,3.55766611170242,-1.3593377283103099,0.478158653002471,5.0125313283208,RP11-707M1.7,1595
11,50254236,50258842,50256923,-3.4832455,25,6.72889081831995,5'Flank,5.33748183301247,-1.78790840159447,0.738582037933369,5.20946385934448,RP11-347H15.4,4606
11,50408163,50408548,50408457,-7.3337227,16,59.585492227979294,IGR,13.259149062588902,-5.23697682243886,2.0749852167503797,54.4041450777202,UnknownGene,385
11,50411501,50412267,50412267,-5.0655371,13,19.5567144719687,IGR,3.50571311976964,-2.8374388942838595,1.40454469741384,13.037809647979099,UnknownGene,766
11,50650341,50652260,50652222,-7.2765265,17,10.4166666666667,IGR,5.99170932155789,-2.95545857826285,2.85809007834211,8.85416666666667,UnknownGene,1919
11,50689273,50691472,50690254,-7.3773572,18,14.090909090909099,IGR,8.17817224295506,-4.31844709117476,2.9193900569331004,11.3636363636364,UnknownGene,2199
11,50698364,50701185,50699138,-5.5010828,34,17.717930545712303,IGR,3.18735552892398,-2.98788625597683,1.3369010541211201,14.1743444365698,UnknownGene,2821
11,50720124,50724062,50723980,-6.4653456,44,15.993907083016,IGR,3.56398029473829,-3.2490702210484903,1.66894818981872,13.962934755014,UnknownGene,3938
11,50728630,50730942,50730204,-6.783387599999999,28,19.4552529182879,IGR,3.97527194848341,-3.4132080827597497,1.84596994705847,12.970168612192,UnknownGene,2312
11,50746889,50751083,50748413,-6.5356632,54,19.0703218116806,IGR,3.2036496138726496,-3.32856941072707,1.5796976018078999,14.0643623361144,UnknownGene,4194
11,50763770,50767868,50765966,-7.7030975999999995,40,13.661868748475198,IGR,6.20202809991258,-3.6760436063968,1.9187918782853401,11.2222493291047,UnknownGene,4098
11,50778626,50780957,50780349,-3.8383197,18,9.005145797598631,IGR,4.54054901078204,-2.0618663065032,1.08043105772087,6.432246998284731,UnknownGene,2331
11,51339531,51341227,51341201,-8.1251072,15,8.83912787271656,IGR,8.78580393970833,-6.11693663743299,2.23975000515079,8.24985268120212,UnknownGene,1696
11,51567931,51569450,51569243,-4.3191028,23,21.0526315789474,IGR,4.503371908843571,-2.10532634615984,1.10971886339015,14.473684210526303,UnknownGene,1519
11,51581472,51582170,51582165,-5.9009457,22,40.057224606580796,IGR,9.39819261832535,-2.95669300635163,1.78255933130474,28.6123032904149,UnknownGene,698
11,51591571,51592295,51592011,-3.4377031000000002,16,34.482758620689694,IGR,5.54488008133049,-2.00881596561239,0.8026514251271041,22.0689655172414,UnknownGene,724
11,54915247,54917640,54915467,-4.8788549,20,9.189640768588141,IGR,5.70032337595436,-2.76356619115111,1.45190960707974,7.93650793650794,UnknownGene,2393
11,54946745,54947303,54947230,-5.0132275,11,21.466905187835398,IGR,5.41543159178361,-3.41937078206795,1.63385102826707,19.6779964221825,UnknownGene,558
11,54981900,54983145,54982348,-5.8928816,19,18.459069020866803,IGR,6.89348041391159,-2.97452455080929,1.50716018061629,13.6436597110754,UnknownGene,1245
11,55007034,55010007,55008836,-4.4886413,29,11.4324142568931,IGR,3.4079695734352304,-2.09739506338537,1.00371248097993,8.74243443174176,UnknownGene,2973
11,55012314,55018381,55014847,-6.196095400000001,54,14.8319050758075,IGR,4.29111102366238,-2.8134481940127496,1.44740417827191,12.1951219512195,UnknownGene,6067
11,55020776,55026792,55021516,-4.896885500000001,54,13.794249626059502,IGR,3.9251711162832303,-2.5841111763664704,1.21800067878945,9.63935516037893,UnknownGene,6016
11,55040691,55040917,55040815,-3.5556894,8,35.242290748898704,3'Flank,4.26956998397267,-2.6452508057119903,1.03523677099389,30.8370044052863,TRIM48,226
11,55583210,55584354,55583210,-4.542396599999999,8,7.860262008733621,3'Flank,4.69279608601009,-2.0463209443996297,1.5342704599265802,6.11353711790393,OR5L1,1144
11,55825117,55825907,55825783,-4.241135099999999,11,18.9633375474083,3'Flank,8.64909768571159,-3.08583681372552,1.22482633409954,13.9064475347661,OR5AQ1P,790
11,56466276,56467149,56466276,-5.5587717,8,11.441647597253999,5'Flank,7.745161496993379,-2.6823256757653398,1.93457844228235,8.0091533180778,OR9G1,873
11,60185550,60186527,60186523,-6.3011197,7,7.15746421267894,3'Flank,6.398509986308,-2.96117270217599,2.61197262857187,6.13496932515337,MS4A14,977
11,63938101,63938839,63938732,-3.8861977999999997,7,13.531799729364,IGR,3.5487625413033097,-2.4706797041547297,0.8687495102583329,8.1190798376184,UnknownGene,738
11,65218582,65219307,65219163,-3.3752564,5,6.8870523415978,5'Flank,3.3590337680059803,-2.13455508312428,1.01634825946045,6.8870523415978,AP000769.1,725
11,67498229,67501608,67500565,-3.6411525,18,8.57988165680473,3'Flank,5.901725756912099,-1.98309482354083,1.02211307741611,5.02958579881657,AP003385.1,3379
11,67637895,67639879,67639856,-4.9445128,14,9.57178841309824,IGR,6.48458543201899,-2.80140775135908,1.2966644924252702,6.549118387909321,UnknownGene,1984
11,67678270,67679424,67679403,-4.056529,5,6.06060606060606,IGR,3.2480572521853,-1.9633068468226498,1.52431058474204,3.46320346320346,ENSR00001620112,1154
11,67723999,67724293,67723999,-2.6554772,4,33.8983050847458,IGR,3.4804775982428997,-2.16742900947862,0.6361272849037231,13.559322033898301,UnknownGene,294
11,69312679,69313463,69312924,-4.1083729,14,20.3821656050955,IGR,8.16404246783222,-3.33337869292211,0.9909227367664799,20.3821656050955,ENSR00001571102,784
11,69686858,69687122,69686981,-4.5403198,8,30.188679245282998,IGR,5.89572231116587,-2.9617267541274397,1.59034161381655,30.188679245282998,UnknownGene,264
11,69967560,69968130,69967699,-3.9368349,12,22.767075306479896,Intron,6.80014463418092,-2.88660472088704,1.13374747483637,17.5131348511384,ANO1,570
11,71460914,71463266,71463226,-5.5478971,12,6.3748406289842805,Intron,6.07684189969134,-2.61293843805003,2.256618323219,4.24989375265618,ENPP7P8,2352
11,74207356,74208390,74208390,-6.649347,6,11.594202898550698,5'Flank,8.90630410908398,-5.636561449688069,2.20088160696312,4.830917874396139,LIPT2,1034
11,76430000,76430387,76430228,-5.5344052,13,41.237113402061894,Intron,9.75323626813471,-3.77867276793579,1.23204674751788,30.927835051546396,RP11-672A2.1,387
11,79263895,79264167,79264140,-6.339096,8,47.619047619047606,IGR,6.70248335741652,-4.1547395664629905,2.0604836814457,18.3150183150183,UnknownGene,272
11,79866172,79866176,79866176,-7.7893811,8,1600.0,IGR,14.524917374523802,-7.4670447603468,0.4110688670065779,1400.0,UnknownGene,4
11,80529553,80529589,80529553,-5.641049199999999,5,135.13513513513502,IGR,4.9869179738622496,-2.25588826646644,2.03870518040792,135.13513513513502,UnknownGene,36
11,83918124,83918124,83918124,-7.6550943,4,4000.0,Intron,10.108389440851,-7.61548058979033,0.0393751085431501,4000.0,DLG2,0
11,83954060,83954064,83954060,-7.6593756,7,1400.0,Intron,13.546871499708299,-5.1557308554149905,3.18582390896167,1400.0,DLG2,4
11,88939533,88939538,88939538,-8.4354964,6,2000.0,Intron,17.8665677203708,-8.39296891516798,0.0302420137100887,1666.66666666667,TYR,5
11,89356670,89357408,89356670,-4.4604471,8,10.825439783491198,IGR,3.9464856739669703,-2.72039541249092,1.86889880161399,8.1190798376184,UnknownGene,738
11,91299128,91300710,91299531,-7.798682799999999,10,6.94883133291219,IGR,14.0392330368505,-4.07381850445009,3.2311850944123197,6.31711939355654,UnknownGene,1582
11,94747657,94749105,94748953,-3.8889227999999996,9,6.90131124913734,3'Flank,4.02982659676256,-2.08771943908559,1.45011234304099,4.1407867494824,RP11-60C6.3,1448
11,97576821,97578325,97577570,-8.0213711,11,7.30897009966777,IGR,16.9550386693099,-5.2269950479409095,3.54637890015114,6.64451827242525,UnknownGene,1504
11,98196024,98200660,98200660,-7.881327199999999,19,6.9010135863705,IGR,13.3613319894616,-3.33223282831475,2.9410522419976,4.31313349148156,UnknownGene,4636
11,100496177,100496313,100496177,-2.939027,4,29.197080291970803,IGR,3.27163282958179,-1.83589796650322,1.04458911228189,29.197080291970803,UnknownGene,136
11,100824612,100824655,100824612,-5.7678037,5,113.636363636364,Intron,6.697507329481651,-3.8664700360969,1.74238872289334,113.636363636364,ARHGAP42,43
11,101082605,101089749,101085887,-4.0578538,30,10.3568929321204,3'Flank,11.488572063789,-2.23540905445922,0.8874740556414642,4.33869839048285,RP11-788M5.3,7144
11,102599505,102601979,102601814,-5.777636599999999,15,6.86868686868687,5'Flank,15.888639602644698,-4.16755203853791,1.6047540300782401,6.06060606060606,MMP8,2474
11,103611482,103612566,103611482,-1.8478766,6,6.45161290322581,Intron,3.4662285547206895,-1.4291022692916202,0.5658016495289511,4.60829493087558,RP11-563P16.1,1084
11,107669877,107670821,107670252,-3.1668965,6,6.34920634920635,Intron,3.60766999930188,-2.03088811808006,0.9069002203209001,6.34920634920635,SLC35F2,944
11,108950890,108951592,108951516,-4.4048918,8,12.802275960170698,IGR,3.9850404311294705,-2.7497449989581204,1.370321348049,5.68990042674253,UnknownGene,702
11,116000163,116001697,116001584,-6.052758,12,7.81758957654723,IGR,11.293166907841199,-3.29596487894304,2.11737536549802,6.514657980456031,UnknownGene,1534
11,117121159,117122203,117122151,-6.4422346,10,11.4832535885167,Intron,11.805080757103,-4.5308876808635095,1.8390389748993101,8.61244019138756,RNF214,1044
11,118060843,118062203,118062007,-3.7590604,8,16.899338721528302,3'Flank,4.64196189978911,-1.92841475602002,1.14019523559447,5.143277002204259,AMICA1,1360
11,118226041,118226604,118226521,-4.210560900000001,10,21.276595744680897,5'Flank,8.019888113532451,-3.3869177888909103,0.621583608299187,14.184397163120599,UBE4A,563
11,121887386,121889104,121888227,-5.2433684000000005,18,12.216404886562,IGR,12.696924192890199,-3.44878841729535,1.43474176727109,10.4712041884817,UnknownGene,1718
11,122695031,122696887,122696337,-3.5488871,9,8.077544426494349,IGR,6.71849368672989,-2.26364765803435,1.09453512655416,4.846526655896611,UnknownGene,1856
11,126669363,126669366,126669363,-6.674809,4,1000.0,Intron,5.746242642184209,-4.500449569511701,1.4500956795497097,1000.0,KIRREL3,3
11,129583786,129585339,129584094,-3.7449401,10,7.722007722007719,IGR,4.65671156108377,-2.06329923807872,1.17825841280579,5.148005148005151,UnknownGene,1553
11,129717808,129717904,129717808,-6.4689087,10,113.40206185567,Intron,10.5284277836862,-4.15566629061341,2.3547722393667203,82.4742268041237,TMEM45B,96
11,129960793,129961391,129961006,-4.972329599999999,12,21.702838063439103,Intron,10.724986045968802,-3.80030113954087,1.11210847667637,21.702838063439103,APLP2,598
11,131133466,131135936,131135297,-2.8839694,10,6.07041683528936,Intron,3.7311914656409297,-1.96323722330652,0.9666924476139259,2.8328611898017,AP002856.5,2470
11,131468645,131469262,131469119,-2.650933,9,14.5631067961165,Intron,6.15593955550042,-2.2111476831246697,0.284795003619939,11.3268608414239,NTM,617
11,131939094,131940997,131939485,-3.2631837000000004,16,8.928571428571429,Intron,7.28267017682179,-2.13290713075254,0.7482372698162221,7.8781512605042,NTM,1903
11,132489364,132490648,132489364,-1.9848043999999998,8,7.78210116731517,Intron,3.3304401249711697,-1.19982928791419,0.554043789481941,4.669260700389111,OPCML,1284
11,132924908,132925674,132924908,-3.6229543,11,15.645371577575,Intron,7.63869830505715,-2.7767316811379503,0.765138405439262,13.037809647979099,OPCML,766
11,133010081,133010957,133010364,-3.2924766000000005,9,11.402508551881402,Intron,6.88326066256339,-2.2455449251769,0.880003078345433,10.2622576966933,OPCML,876
11,133809752,133810656,133810518,-3.6934441,12,14.3646408839779,Intron,4.77350347536283,-2.29947680251919,0.8591477920099309,12.1546961325967,IGSF9B,904
11,134308596,134310403,134310262,-5.636183,14,8.849557522123892,Intron,6.748309505807401,-3.24413069648732,1.85836133776531,6.63716814159292,RP11-627G23.1,1807
11,134434303,134435466,134435439,-5.8514672999999995,9,9.45017182130584,Intron,7.500939492719111,-4.10274153704481,1.76223384169562,7.731958762886599,AP004550.1,1163
11,134683333,134683335,134683335,-7.759711500000001,6,2000.0,IGR,6.741585718705,-7.55315252604927,0.318950484865174,1666.66666666667,UnknownGene,2
11,134695416,134697725,134697545,-3.9610335,14,7.359307359307361,IGR,4.7002449079022695,-3.10156236270344,1.14957608985059,6.49350649350649,UnknownGene,2309
12,75207,81372,78109,-4.5368569,33,8.43334414531301,5'Flank,10.6730138475363,-2.49942931864882,1.17993586497334,5.838469023678241,AC215219.1,6165
12,89554,94689,89788,-4.4045005999999995,26,7.009345794392519,3'Flank,3.2391336856543798,-2.00277874575901,1.0115702718528001,5.06230529595016,ABC7-42389800N19.1,5135
12,2828987,2830273,2830185,-5.8433513,16,12.432012432012401,IGR,8.789058568214411,-3.23900573148651,1.4916023469234398,12.432012432012401,UnknownGene,1286
12,3377607,3379099,3377607,-4.2831451,11,8.03750837240455,Intron,5.73920843387069,-2.45703843971943,1.03617203020015,6.02813127930342,TSPAN9,1492
12,4992291,4994372,4994368,-7.6709016000000005,15,8.16522574447647,IGR,14.369942413224198,-4.28613008280083,2.77945637248492,6.24399615754083,UnknownGene,2081
12,5726225,5726633,5726627,-4.6867944999999995,10,26.894865525672397,Intron,9.50428326347577,-3.80918929081747,0.46486468456151997,22.004889975550103,ANO2,408
12,7349683,7350006,7349831,-3.9262553,9,27.7777777777778,Intron,7.04227779806008,-2.9282426361924903,1.2163956592345802,24.6913580246914,PEX5,323
12,8056940,8058946,8058946,-2.8465367,10,6.477329347284499,IGR,3.5273888213130293,-2.03206050751641,0.854065010579705,2.9895366218236203,NANOGP1,2006
12,8107896,8110281,8110279,-6.5818648,15,6.286672254819781,IGR,12.670504811494999,-3.9138064215756203,2.18663915093527,5.448449287510481,UnknownGene,2385
12,8335440,8335718,8335718,-6.3713961999999995,6,21.505376344086,3'Flank,8.64888967864026,-4.99640291663368,1.95692310117493,17.921146953405,ZNF705A,278
12,8384773,8393133,8390977,-3.1991406000000002,32,7.41538093529482,Intron,4.57392133419001,-1.59411768768987,0.699783650386668,4.18610214089224,RP11-266K4.9,8360
12,8417407,8418611,8418471,-2.8767366,7,9.128630705394189,Intron,3.3972041040784,-1.5715720305184497,0.773610074693658,4.9792531120332,ENPP7P5,1204
12,8544014,8551785,8551453,-3.4980697,29,6.81935151827072,Intron,8.827481027800811,-1.80510068732012,0.8428860996087589,4.50334534225425,LINC00937,7771
12,11171917,11173888,11173621,-2.596187,10,7.09939148073022,3'Flank,4.0881975653690805,-1.4037811637359199,0.694836395139986,3.54969574036511,TAS2R19,1971
12,11206883,11210037,11209880,-3.4681714999999995,15,10.1426307448494,3'Flank,9.020021084650471,-1.98997365264568,0.758762658656616,4.75435816164818,TAS2R14,3154
12,11231982,11233662,11233662,-3.1434330000000004,10,8.923259964306961,5'Flank,4.65106124299698,-2.2903240540181002,0.696621082095414,4.1641879833432505,TAS2R64P,1680
12,14537021,14537226,14537021,-3.3467578999999996,4,19.4174757281553,Intron,3.57238990289183,-1.5891797953756397,1.2360076765713799,19.4174757281553,ATF7IP,205
12,19493334,19493407,19493334,-5.043448400000001,5,94.5945945945946,Intron,3.82447196823389,-2.8715066508455003,2.00547921564674,67.56756756756761,PLEKHA5,73
12,19941291,19941614,19941614,-7.7284072,8,24.6913580246914,Intron,9.442522742638689,-5.462469225521341,2.3969636806757597,24.6913580246914,RP11-405A12.2,323
12,20537791,20539136,20539054,-4.5396614,13,9.65824665676077,Intron,5.269327963232451,-2.98411686585581,1.7125567120181102,5.20059435364042,PDE3A,1345
12,20971086,20971805,20971805,-5.8088679,7,15.2777777777778,Intron,9.18669681709253,-4.51792564888327,1.87500717978976,9.722222222222221,SLCO1B3,719
12,22505640,22505696,22505640,-4.7058797,5,87.719298245614,Intron,3.2643652144113,-1.82424621329079,1.72694788890318,87.719298245614,ST8SIA1,56
12,22711289,22711400,22711289,-3.9788061000000003,4,35.7142857142857,IGR,4.13632569138116,-2.4522234092351805,1.64207005071192,35.7142857142857,UnknownGene,111
12,23904849,23905096,23904995,-3.2563682000000003,5,20.1612903225806,Intron,5.635433867925481,-2.7280323346257203,0.510317357094772,20.1612903225806,SOX5,247
12,25226787,25230303,25230297,-5.947561599999999,17,6.5396644867785,Intron,18.064634194407198,-4.65804153787799,1.6204910253066298,5.117998294000571,LRMP,3516
12,25326847,25327487,25327433,-4.050608,11,20.2808112324493,Intron,7.484560875106161,-3.08300779886344,1.09644567787872,10.920436817472698,CASC1,640
12,29076266,29077457,29076266,-5.6145265,11,19.295302013422802,IGR,7.8294255420559695,-2.7802800489298902,1.7852466185860902,8.38926174496644,UnknownGene,1191
12,29752002,29752943,29752926,-5.422746,6,6.369426751592361,Intron,3.8714164443705803,-2.6722216108353396,1.86978019423847,4.24628450106157,TMTC1,941
12,29823992,29823997,29823992,-7.4072584,5,1333.33333333333,Intron,7.194543017761671,-4.28759023069417,1.74462476058069,833.333333333333,TMTC1,5
12,31072140,31073327,31073327,-8.320857400000001,9,7.57575757575758,IGR,14.676245427152901,-5.81895601736564,3.38951904621538,6.73400673400673,UnknownGene,1187
12,31250135,31251410,31251240,-4.162851,8,10.9717868338558,Intron,6.081401866105501,-2.06279480226679,1.49092783860024,5.4858934169279,DDX11,1275
12,33937576,33938019,33937576,-2.2113125,4,9.00900900900901,IGR,3.73993013607812,-1.7317074890962498,0.46789110526809796,9.00900900900901,UnknownGene,443
12,34097778,34099190,34099189,-7.594133900000001,8,6.369426751592361,IGR,10.1943022409075,-3.62971204120549,3.34374503226502,5.6617126680821,UnknownGene,1412
12,34148856,34149034,34148943,-4.5551177,6,33.5195530726257,IGR,5.72382430143533,-3.22878496173649,1.19404559208101,33.5195530726257,UnknownGene,178
12,34320756,34324120,34322545,-4.3434845,26,11.887072808321,5'Flank,10.6968130397104,-2.6359668944278596,1.1704554809337702,6.835066864784549,TUBB8P4,3364
12,34510924,34511887,34511736,-2.2016294,6,6.224066390041491,IGR,3.2544137733990897,-1.33129000108895,0.6739555616707061,6.224066390041491,UnknownGene,963
12,34832044,34833323,34833069,-6.679627900000001,22,21.09375,IGR,7.79947763272097,-3.36786616300147,1.99558223475994,18.75,UnknownGene,1279
12,34836456,34839108,34838242,-6.132810900000001,32,14.323407463249199,IGR,3.8983199426298603,-2.66576353472778,1.71313079987132,12.0618168111572,UnknownGene,2652
12,34847095,34849145,34848076,-7.1281591,37,23.890784982935198,IGR,5.38594718771301,-3.04259070074426,2.04150772364802,17.064846416382302,UnknownGene,2050
12,37863135,37863604,37863438,-2.9337879,12,36.1702127659574,IGR,4.235896819509899,-1.99620283714782,0.783317450652428,23.4042553191489,UnknownGene,469
12,37877744,37878460,37878239,-4.8664963,21,34.8675034867504,IGR,3.60095989089168,-2.4383127295969502,1.32139288338384,26.4993026499303,UnknownGene,716
12,37906652,37907342,37907031,-3.8063498,18,40.520984081042,IGR,4.9105728757528295,-2.0624728318801497,0.940960297433917,27.4963820549928,UnknownGene,690
12,38001727,38003428,38002847,-6.4796192999999995,40,34.6650998824912,IGR,7.38862354536852,-3.26321502787965,1.72041664480852,25.264394829612197,UnknownGene,1701
12,38017885,38018613,38018540,-5.9303609,23,43.89574759945129,IGR,4.02456663898434,-2.70896353284678,1.6849577042561998,28.806584362139898,UnknownGene,728
12,38022918,38023462,38023462,-6.612949700000001,13,23.8532110091743,IGR,5.63586495519304,-4.05129446416301,2.67451086967489,22.018348623853196,UnknownGene,544
12,38034179,38034818,38034719,-5.637583900000001,27,57.8125,IGR,4.6640542162300305,-3.24875781137955,1.41254977028561,45.3125,UnknownGene,639
12,38074706,38074777,38074706,-4.1395366000000005,8,111.11111111111099,IGR,3.67576420149748,-3.0519260032620297,0.8174710311841821,111.11111111111099,UnknownGene,71
12,38083987,38084851,38084135,-6.659159599999999,12,30.057803468208103,IGR,5.40055954604622,-3.57492791124377,2.2638388960912406,18.4971098265896,UnknownGene,864
12,38094534,38094979,38094979,-6.7344517999999995,8,17.9372197309417,IGR,3.9760878023048196,-5.22165998671759,2.16546413113026,17.9372197309417,UnknownGene,445
12,38145280,38145788,38145422,-4.6954864,18,43.2220039292731,IGR,4.63842289057058,-2.81048271360079,1.2974000029408899,29.4695481335953,UnknownGene,508
12,38166816,38167472,38167452,-5.996335,18,35.007610350076106,IGR,9.177513296817141,-4.35333988708976,1.32173077252659,33.4855403348554,UnknownGene,656
12,38247904,38251139,38250322,-6.560267999999999,48,21.0135970333745,IGR,5.68990486888508,-3.33880413353546,1.99695500646258,16.6872682323857,UnknownGene,3235
12,38256488,38257812,38256969,-7.157507000000001,29,25.6603773584906,IGR,6.4076358766920105,-3.6519038878296697,1.94266985469551,21.8867924528302,UnknownGene,1324
12,38380787,38383669,38383269,-4.2953003,17,7.2840790842872,IGR,4.95314155918076,-1.62838092294709,1.25717083244109,5.2029136316337095,UnknownGene,2882
12,38579994,38582947,38582939,-7.0569047000000005,18,9.817197020988491,IGR,8.79312059598221,-3.2909711422742003,2.11264293338882,7.44752877454299,UnknownGene,2953
12,40289418,40290874,40290064,-4.4842945,14,10.2951269732327,Intron,7.529815285693309,-2.63941375974109,1.09519804038131,8.92244337680165,SLC2A13,1456
12,40641329,40641450,40641329,-3.9086677000000005,5,40.9836065573771,Intron,3.28151843178504,-2.63894895291074,1.2672402611153402,40.9836065573771,LRRK2,121
12,40879579,40883425,40881049,-3.5182335,29,8.31817000259943,3'UTR,8.66074529513791,-2.4043046050380803,0.7643169675259471,7.2783987522745,MUC19,3846
12,41126230,41127324,41126230,-8.1720399,9,8.21917808219178,Intron,16.5711127907611,-7.17160632456425,2.59369547292596,7.305936073059359,CNTN1,1094
12,42479476,42480041,42480038,-3.9723903,4,7.06713780918728,3'UTR,4.12727736717336,-2.7619281509276097,1.41609999626575,7.06713780918728,GXYLT1,565
12,44705580,44705652,44705606,-4.580264499999999,5,68.49315068493149,Intron,5.8597166468345705,-2.9107920665060196,1.6563146086997802,68.49315068493149,TMEM117,72
12,46292809,46293570,46292809,-2.5767425999999998,5,6.56167979002625,Intron,4.365848131554809,-1.7497084113536499,0.688243023949033,6.56167979002625,ARID2,761
12,49235584,49236464,49235612,-5.1315627,15,21.566401816118002,Intron,10.2227965575283,-3.1889608111292005,1.38461257813449,14.7559591373439,DDX23,880
12,49509705,49509985,49509946,-7.6773933,15,60.4982206405694,IGR,15.258190629387698,-4.88475382656622,2.52546217226396,46.26334519572951,UnknownGene,280
12,51265772,51266553,51265993,-2.3099456000000003,5,6.39386189258312,Intron,3.69184367434362,-1.9415048287502399,0.53945581073333,5.1150895140665,TMPRSS12,781
12,52504939,52506598,52506213,-4.4898356,15,12.6506024096386,5'Flank,12.0186425663366,-3.21561804574074,1.28888585689453,9.03614457831325,AC078864.2,1659
12,52831942,52832026,52831984,-4.8506743,5,58.82352941176471,5'Flank,6.261109387059059,-3.32380028453754,1.86073454636994,58.82352941176471,KRT75,84
12,54474855,54478186,54475937,-4.8299018,17,6.302521008403361,Intron,5.94202716280271,-2.23136084141108,1.2752781115558798,4.801920768307321,RP11-834C11.3,3331
12,54496795,54502214,54502011,-6.720898399999999,37,10.7011070110701,Intron,5.9554419625718,-2.9809112538837303,1.45079898420695,8.48708487084871,RP11-834C11.3,5419
12,54505989,54511565,54508929,-8.0210767,32,8.9653935807782,Intron,18.4339360441952,-3.5609578920598595,2.49569165261506,5.91715976331361,RP11-834C11.3,5576
12,54513874,54518322,54515028,-4.161307,41,17.7567992807372,Intron,3.15573421550668,-2.6971128954731203,0.72242555233216,10.1146325016858,RP11-834C11.3,4448
12,55605134,55605285,55605247,-5.3296557,6,46.0526315789474,IGR,8.01759715268458,-4.72930715798885,0.7471278851132579,32.8947368421053,UnknownGene,151
12,57216177,57216332,57216299,-5.699131400000001,6,38.4615384615385,5'Flank,6.606424046079191,-3.91244633958559,2.03040310945272,38.4615384615385,RP11-74M13.4,155
12,57248214,57248719,57248601,-4.9898999,7,19.7628458498024,Intron,5.60604927224908,-3.49155376681906,1.36245569963086,11.8577075098814,RP11-74M13.4,505
12,57585670,57585736,57585711,-6.4144917,9,149.253731343284,Intron,6.9123687430423795,-3.3246656400219203,2.1901837859465503,104.477611940299,LRP1,66
12,57887305,57887613,57887533,-7.3950404999999995,10,32.3624595469256,Intron,10.8159445084798,-4.76047532090303,2.62504248218683,32.3624595469256,MARS,308
12,60065459,60065982,60065963,-4.0694955,10,19.0839694656489,Intron,5.78599983516129,-2.58038725017485,1.3414171044076102,15.2671755725191,SLC16A7,523
12,61296166,61297646,61297640,-5.9154956,10,7.42741390952059,IGR,8.24199463085284,-2.7824104200162703,1.9177450894682602,6.076975016880491,UnknownGene,1480
12,67705323,67705326,67705323,-8.5393924,9,2500.0,Intron,17.212635318754998,-6.069986148256859,3.58121689813577,2250.0,CAND1,3
12,75008585,75009386,75009041,-3.5247417000000003,11,13.715710723192,IGR,6.94894303460585,-2.52458976727984,0.9766053802226802,9.97506234413965,ENSR00000433022,801
12,76335773,76336158,76335773,-2.4496648,4,10.362694300518099,Intron,3.17812480359379,-1.67921434536804,0.7122193473011379,10.362694300518099,RP11-114H23.1,385
12,76512554,76515923,76515910,-6.0326494,16,7.12166172106825,IGR,10.7287438937816,-2.8915584342102303,1.5370401675466498,4.45103857566766,RP11-453D16.1,3369
12,78084543,78084660,78084553,-6.6631578,9,84.7457627118644,IGR,12.045436242390199,-4.50955877710868,2.36697557839307,76.271186440678,UnknownGene,117
12,79571999,79573160,79572828,-5.1601927000000005,15,14.6299483648881,Intron,11.002686980958,-3.4345745672717296,1.36779390619467,12.9087779690189,SYT1,1161
12,79870142,79873106,79873099,-8.6004191,9,9.106239460371,3'Flank,22.6364572771492,-6.569087672572381,3.1712597704188696,5.73355817875211,AC027288.1,2964
12,81370189,81370226,81370189,-5.1547114,5,131.578947368421,Intron,4.62924457427199,-2.94036147785513,2.05954059027383,131.578947368421,ACSS3,37
12,82225123,82225129,82225129,-7.665732000000001,10,1714.28571428571,IGR,17.680808582138802,-7.26609298194494,0.394412324388571,1428.57142857143,UnknownGene,6
12,85007012,85009951,85009741,-5.016250599999999,21,8.50340136054422,IGR,13.960046058093901,-3.3919084203009,1.2026807246875402,7.142857142857139,UnknownGene,2939
12,86272966,86273465,86273430,-4.8784235,5,10.0,Intron,5.65163562942723,-3.33834781308871,1.5231546223923702,10.0,NTS,499
12,86532089,86532359,86532089,-4.484474,9,33.210332103321,Intron,7.756872094892651,-3.37553338640746,1.49903815093122,25.830258302582997,MGAT4C,270
12,87879056,87880376,87880237,-3.8760059,8,6.0560181680545,IGR,6.501525413873559,-2.2856116689739103,1.11968789433415,6.0560181680545,UnknownGene,1320
12,87923263,87924563,87924561,-7.855651600000001,7,6.149116064565719,IGR,9.24295814231932,-3.9682717129626806,3.42192135829631,5.380476556495,UnknownGene,1300
12,89094068,89097432,89096421,-8.4887977,20,8.02377414561664,IGR,22.582792639056002,-5.51469890353238,3.0374153495370297,6.537890044576519,UnknownGene,3364
12,90616681,90617478,90617349,-4.2593593,10,13.7844611528822,IGR,4.0503523588602,-2.12069485076397,1.18870287312329,8.7719298245614,UnknownGene,797
12,92514953,92516368,92516366,-7.817089,11,7.7683615819209,Intron,16.08891282519,-5.914069949729231,2.9978841971394106,7.06214689265537,C12orf79,1415
12,92736138,92736140,92736138,-7.7295929,6,2000.0,IGR,6.94258642648384,-4.30417822539456,3.0863743447356597,1666.66666666667,UnknownGene,2
12,95756092,95757478,95757258,-5.3173394,10,7.93078586878154,IGR,7.2371243710963,-3.1323586485876,1.34912670214524,6.488824801730349,UnknownGene,1386
12,96509778,96510415,96509778,-2.6970584,6,9.404388714733539,IGR,3.2431729169622896,-1.7868463879189098,1.07222573942531,6.26959247648903,UnknownGene,637
12,99856712,99857559,99857542,-8.202802,6,8.25471698113208,Intron,16.7918320075262,-6.16641113646333,3.3955595355347503,8.25471698113208,ANKS1B,847
12,102759773,102760171,102759773,-2.6740584,5,12.531328320802,IGR,3.43782392032448,-1.87264495058243,0.7472568658480379,10.0250626566416,UnknownGene,398
12,103141202,103141870,103141867,-6.215464,7,10.4633781763827,IGR,9.54115568111748,-4.546938919554691,1.9286881550439399,10.4633781763827,UnknownGene,668
12,103416574,103416880,103416838,-5.3554349000000006,7,32.5732899022801,IGR,8.04317065381671,-3.74111037791591,1.5574482975023,26.0586319218241,UnknownGene,306
12,108350087,108351303,108350913,-4.3002675,9,8.21692686935086,IGR,6.022182044726,-2.46162825003256,1.15815282043046,6.57354149548069,UnknownGene,1216
12,108971391,108971391,108971391,-8.427568800000001,5,5000.0,IGR,11.3386489892271,-8.31635910622107,0.0732387911743176,5000.0,UnknownGene,0
12,109647743,109647978,109647743,-3.6264488,5,21.1864406779661,Intron,3.6140557565442504,-2.8620551198278,0.84503943324747,21.1864406779661,ACACB,235
12,110098322,110099770,110099411,-5.0620995,13,10.351966873705999,3'Flank,6.10479630883443,-3.2744685705362,1.4298443721692602,6.90131124913734,RN7SKP250,1448
12,110610664,110610832,110610727,-5.0903749000000005,7,47.3372781065089,Intron,7.6926195877313805,-3.66023422066271,1.7062088587861601,47.3372781065089,IFT81,168
12,111229101,111231092,111231090,-8.4767144,13,7.530120481927709,IGR,14.7863730014995,-5.00948779171798,3.44960748794378,6.5261044176706795,UnknownGene,1991
12,114718886,114719783,114719713,-4.3904282,6,6.6815144766147005,IGR,5.44017790403942,-2.6403177773403703,1.4977776137252399,6.6815144766147005,UnknownGene,897
12,115169999,115171361,115170887,-8.2612212,9,9.53778429933969,Intron,13.2327012028249,-5.502883484003969,3.7432050759279503,5.86940572267058,RP4-601P9.2,1362
12,115877382,115879625,115879621,-7.2967997,12,6.238859180035651,IGR,7.78811824867584,-3.89481867876167,3.0146777986883904,3.5650623885918,UnknownGene,2243
12,117052985,117053471,117053467,-7.834398299999999,8,16.4271047227926,IGR,10.1284459578337,-5.01167554789317,3.49368351013187,14.3737166324435,UnknownGene,486
12,117192725,117192808,117192725,-4.5218585,6,119.047619047619,Intron,3.82702033217215,-2.68448654553325,1.65254384148843,47.619047619047606,RNFT2,83
12,119145095,119145957,119145753,-2.7514531000000004,7,8.11123986095017,IGR,4.00319284335921,-2.17452654037194,0.5522450523024129,6.95249130938586,UnknownGene,862
12,121693039,121693130,121693078,-5.045472599999999,6,65.2173913043478,Intron,6.98741719064937,-4.02861425103776,1.5489777059918202,65.2173913043478,CAMKK2,91
12,123937181,123937685,123937660,-6.2287498,20,55.445544554455395,5'Flank,19.288189006661803,-4.77589036898842,1.73342821633746,47.524752475247496,UnknownGene,504
12,124923379,124924825,124923379,-4.3593812000000005,13,11.748445058742199,Intron,5.2237167158339695,-2.4609697727735202,1.18986666271599,7.601935038009679,NCOR2,1446
12,125978272,125979132,125979035,-3.4638867999999996,6,6.96864111498258,Intron,3.3592158070886295,-2.35270470488416,1.27391976143813,4.64576074332172,TMEM132B,860
12,126181888,126182271,126181888,-2.3953485,4,10.4166666666667,IGR,3.5006471704812996,-1.63312302385477,0.619194717483108,10.4166666666667,UnknownGene,383
12,128568871,128569912,128569768,-6.729383599999999,30,34.548944337811896,3'Flank,19.140231578611,-4.13925106158741,1.70574566642659,27.831094049904,RP13-653N12.1,1041
12,129123429,129123566,129123492,-5.110908900000001,13,101.44927536231899,Intron,8.93515279549769,-4.076249369954001,1.3081703686379098,72.463768115942,TMEM132C,137
12,129298775,129298815,129298775,-7.9792024999999995,8,268.292682926829,Intron,13.763977166866301,-5.8958918294253095,2.9423212224720197,195.121951219512,SLC15A4,40
12,130023405,130023875,130023405,-2.1256163,4,8.49256900212314,Intron,3.1655928595950096,-1.1903307382963,0.668566291071482,8.49256900212314,TMEM132D,470
12,130875762,130877933,130877220,-5.177678599999999,44,26.243093922651898,3'Flank,4.1240085504681,-3.65423924158858,1.04829222543552,20.7182320441989,RIMBP2,2171
12,131016418,131017426,131016878,-2.6775177,8,7.92864222001982,Intron,3.8183345755224103,-1.9931796313386003,0.5547936546412529,6.93756194251734,RIMBP2,1008
12,131612589,131613534,131613314,-1.8700263,7,7.39957716701903,Intron,3.21099456260519,-1.64663727686988,0.203566028437443,6.3424947145877395,GPR133,945
12,131879904,131880328,131880262,-6.2186712,15,35.2941176470588,IGR,10.2558584300217,-4.34586219081948,1.5642644385773,32.941176470588196,UnknownGene,424
12,132061126,132061552,132061507,-4.5604657,13,35.128805620608894,IGR,11.2395423779631,-3.1650689278457005,1.27600326018135,30.4449648711944,UnknownGene,426
12,132065178,132067351,132067045,-4.5555086,23,11.959521619135199,IGR,3.94870944395497,-2.9180687005789303,1.1298295250108301,10.5795768169273,UnknownGene,2173
12,132169751,132173172,132170579,-4.488205799999999,21,6.7212156633547595,IGR,7.1415642781134405,-2.61720972720094,1.30237231316032,5.260081823495031,UnknownGene,3421
12,132926484,132926647,132926643,-6.934986299999999,11,79.2682926829268,IGR,6.87170755448966,-4.25585657275054,1.94352393893821,67.0731707317073,UnknownGene,163
12,133040101,133040955,133040135,-4.6661088,26,32.7485380116959,3'Flank,8.93851559490939,-3.3232140507005696,0.7812111190612749,29.2397660818713,RP11-503G7.1,854
12,133292191,133292216,133292191,-6.0887151,5,230.769230769231,Intron,5.17416921928122,-3.08834683978069,2.72287909994512,192.30769230769198,PGAM5,25
13,19045154,19045744,19045713,-4.5415505,12,35.5329949238579,Intron,3.63024101907933,-2.63311617692181,1.18115075471916,18.612521150592197,ZNF962P,590
13,19067704,19067704,19067704,-7.159623599999999,5,5000.0,3'Flank,4.734654299645331,-7.0978872930940495,0.0401078588885223,5000.0,BNIP3P7,0
13,19089359,19089843,19089843,-7.1182963,12,28.8659793814433,IGR,6.3034342630237195,-4.70775522968123,2.7093542674542497,20.618556701030897,UnknownGene,484
13,19310463,19314913,19311089,-7.2333177,30,11.9074365311166,3'Flank,7.28230993396747,-2.9767956109058704,2.3795187543786804,8.31273871040216,ZNF965P,4450
13,19328468,19329832,19329178,-4.8472467,27,24.1758241758242,IGR,4.50569054405854,-3.13807527984299,0.88993327299062,19.7802197802198,UnknownGene,1364
13,19337747,19337948,19337909,-3.8575730000000004,9,49.5049504950495,IGR,3.2577143937202995,-2.66627241791923,0.968703469383754,39.603960396039604,UnknownGene,201
13,19377795,19381040,19379869,-7.3034699000000005,33,19.1004313000616,3'Flank,6.51231612572688,-3.27846403628285,2.35318066540185,9.550215650030811,SNX18P26,3245
13,19388112,19389792,19388700,-7.329055599999999,14,11.302795954788802,3'Flank,6.210594613165691,-3.76841734883366,3.0159212532052897,7.73349196906603,ANKRD20A9P,1680
13,20202471,20203344,20203106,-5.3931107,8,18.306636155606398,5'Flank,8.899333649750279,-3.1894754367774,1.5710146277495398,10.2974828375286,UnknownGene,873
13,21028905,21029618,21029522,-4.2631122999999995,6,8.40336134453782,Intron,3.6876021183401604,-2.4555929338824503,1.70641748736899,7.002801120448179,CRYL1,713
13,21780600,21781097,21780759,-4.3578584000000005,13,28.112449799196803,IGR,7.096568153896401,-2.9764803400727797,1.14981475658085,24.096385542168697,UnknownGene,497
13,21863770,21865417,21864647,-3.6550947,13,9.10194174757282,Intron,7.16512653700782,-2.3029600861780697,1.04520144461877,6.674757281553401,RP11-101P17.11,1647
13,22706406,22707072,22707072,-8.2363745,7,10.4947526236882,IGR,13.6272431767922,-6.396712318285849,3.04365177707135,10.4947526236882,UnknownGene,666
13,23505488,23505490,23505488,-8.1065236,9,3000.0,IGR,12.570950194186402,-5.5204272864947495,3.5218152500436606,2666.6666666666697,UnknownGene,2
13,25748778,25749004,25748959,-5.930328500000001,8,44.052863436123296,5'Flank,9.687913828263289,-3.9654446191945696,1.88679510703674,30.8370044052863,AMER2,226
13,28340214,28341999,28341995,-7.6281134,11,7.27883538633819,IGR,12.60320901688,-4.69901576146488,3.2263229304388195,6.15901455767077,UnknownGene,1785
13,28563090,28565405,28565261,-5.0366992999999995,14,11.6580310880829,5'Flank,6.931737224173349,-3.28735699236216,1.54752814142154,6.04490500863558,URAD,2315
13,28570819,28573403,28573145,-6.5478489,19,8.89748549323017,3'Flank,12.3975285801699,-3.68098465232158,1.78226985313943,5.802707930367499,UnknownGene,2584
13,29963428,29963988,29963526,-3.434571,8,14.2602495543672,Intron,5.460090632670781,-2.59363279431029,1.06102120463523,12.477718360071302,MTUS2,560
13,33148180,33150164,33150164,-2.1187833,7,6.549118387909321,IGR,3.21894603822423,-1.85769095336119,0.286122148065986,3.02267002518892,UnknownGene,1984
13,35373504,35378861,35376839,-3.7646888999999994,22,6.90556177678238,IGR,12.4895725419501,-2.32985225950656,0.886980865980848,4.10600970511385,UnknownGene,5357
13,37816223,37816692,37816536,-2.2473712000000003,4,8.51063829787234,IGR,3.18099760518943,-1.7084056087406998,0.662456680668827,8.51063829787234,UnknownGene,469
13,38956584,38957538,38957280,-2.5650967000000002,6,6.282722513089009,IGR,3.76229837482864,-1.93739528492112,0.576814821295332,5.23560209424084,UnknownGene,954
13,41474564,41474861,41474686,-6.4133628,9,36.9127516778523,Intron,8.05147150207027,-3.7113064092247905,1.92137520230542,30.2013422818792,TPTE2P5,297
13,41993456,41996995,41996633,-5.0311891,15,7.6271186440678,IGR,6.74794721078108,-2.77266073710543,1.28516833138805,3.38983050847458,UnknownGene,3539
13,42021875,42024811,42021875,-6.2415004000000005,15,9.193054136874359,5'Flank,12.451767148422801,-4.29586495101979,1.88801560117192,4.4262853251617305,AL354833.3,2936
13,45954189,45956354,45956124,-3.4949614,12,7.38688827331487,Intron,6.811333976777769,-2.2512056560618596,0.9209631221424329,5.07848568790397,TPT1-AS1,2165
13,45996901,45999710,45997912,-3.6540909,16,8.18505338078292,3'Flank,8.54501942398613,-2.43398170412005,0.8178820655780441,5.69395017793594,SLC25A30-AS1,2809
13,47602871,47602916,47602871,-4.8377471,5,130.434782608696,IGR,6.43142334315455,-3.2714771077885496,1.6524284746381899,108.695652173913,UnknownGene,45
13,47820074,47820369,47820074,-2.6720851000000003,4,13.5135135135135,IGR,4.0410926242309095,-1.6338735178625199,0.904636442327812,13.5135135135135,UnknownGene,295
13,52943922,52944254,52944116,-3.6468392999999995,5,15.015015015014999,IGR,3.17607692965177,-2.31635847969522,1.1464175631664,12.012012012012,UnknownGene,332
13,54765962,54765966,54765962,-6.4509668,4,1400.0,IGR,5.04377745425466,-3.50544764082183,1.9644120386234,800.0,UnknownGene,4
13,54843137,54844574,54844571,-3.6326661,12,9.735744089012519,IGR,5.9731376645876395,-2.20894488742675,0.785168427014211,6.954102920723231,UnknownGene,1437
13,55586550,55587341,55586550,-1.7157941000000003,5,6.31313131313131,IGR,3.2393368543641095,-1.17444454636962,0.48646229548933706,6.31313131313131,UnknownGene,791
13,56495229,56495760,56495715,-4.178918,9,18.796992481203002,IGR,4.408462080936951,-2.59243041147929,1.4724367299257701,9.398496240601501,UnknownGene,531
13,56690308,56690890,56690308,-1.5928339,4,6.861063464837049,IGR,3.13399902771431,-1.3815516357555402,0.282401056018575,6.861063464837049,UnknownGene,582
13,57414582,57414948,57414942,-3.2703822999999996,5,13.6239782016349,IGR,4.50772280121333,-2.19758607993642,0.856567867638851,13.6239782016349,UnknownGene,366
13,57566707,57569216,57569213,-4.1800406,11,6.3745019920318695,IGR,4.10412385366346,-1.43824712034122,0.943951791786981,4.38247011952191,UnknownGene,2509
13,58791529,58792240,58791529,-1.6204417,6,9.8314606741573,Intron,3.31817631855148,-1.33371827814101,0.41031375668582104,7.022471910112361,LINC00374,711
13,59102533,59103035,59102703,-3.1205727999999997,6,11.928429423459198,5'Flank,3.3296685277730096,-1.9680000620344498,1.00590262609658,11.928429423459198,RNY4P29,502
13,59468609,59469980,59469707,-3.5885114000000002,10,8.746355685131201,IGR,6.01052884272806,-2.1736709775916,1.0788539598351299,7.28862973760933,UnknownGene,1371
13,59562082,59562428,59562426,-7.581347500000001,8,28.8184438040346,IGR,9.471358726464349,-5.46975873853959,3.19505821464211,17.2910662824208,UnknownGene,346
13,59623062,59623062,59623062,-3.4191821000000004,4,4000.0,IGR,4.24153380473874,-3.3833639708632797,0.0327283319976754,4000.0,UnknownGene,0
13,60897483,60897485,60897483,-7.6352667,6,2333.3333333333303,IGR,12.142786221315598,-7.1266455985883095,0.395459726321677,2000.0,UnknownGene,2
13,61550709,61552217,61551947,-3.8385239,13,9.27766732935719,IGR,7.05597878257686,-2.7530362738414706,0.9924066373428442,6.62690523525514,UnknownGene,1508
13,62360929,62360948,62360946,-7.424850900000001,9,500.0,IGR,11.0648441999176,-5.20139282556101,3.0304903576612205,350.0,UnknownGene,19
13,62807363,62808018,62808016,-7.732748599999999,13,19.8170731707317,Intron,16.2739366250448,-5.82223313887734,2.62678681438076,16.768292682926802,LINC01075,655
13,63089003,63089768,63089648,-2.308076,4,6.52741514360313,IGR,3.79186396589886,-1.54561658132252,0.622070860631027,5.2219321148825095,UnknownGene,765
13,63360827,63361784,63361473,-2.3769153999999997,9,9.39457202505219,IGR,4.60745584102947,-1.69762645772127,0.53342025505901,8.350730688935279,UnknownGene,957
13,63610506,63612843,63611589,-6.9132381999999994,24,11.120615911035099,IGR,13.3294273546746,-2.9430474739998402,1.71960720427748,10.2651839178785,UnknownGene,2337
13,66303323,66303325,66303325,-7.651040400000001,12,4000.0,IGR,18.883343918655104,-7.39852403170285,0.334655237349301,3333.3333333333303,UnknownGene,2
13,66344250,66345099,66345095,-2.8198974999999997,6,7.058823529411759,IGR,3.42393099556844,-1.6618631681966498,0.7397447728435931,5.882352941176469,UnknownGene,849
13,66721947,66722443,66721947,-1.946496,5,10.060362173038198,IGR,4.03036795307289,-1.37554494202021,0.586560903960809,10.060362173038198,UnknownGene,496
13,67147700,67148497,67148366,-1.7789053,5,6.265664160401,Intron,3.2400193372582202,-1.24482505796883,0.38649202562209706,6.265664160401,PCDH9,797
13,67353979,67355519,67353979,-6.8732531,11,7.13822193380921,Intron,7.7904948329003,-2.9211791000615,2.71595801436168,6.48929266709929,PCDH9,1540
13,67423406,67423647,67423645,-6.4369772,6,24.793388429752103,Intron,5.8585420119742695,-3.4492884284983703,2.7077827671955497,20.661157024793397,PCDH9,241
13,67997549,67998655,67998653,-6.432119,9,8.13008130081301,IGR,7.458390978740651,-3.14601915354718,2.33013853941153,6.323396567299009,UnknownGene,1106
13,68181870,68182562,68182441,-2.801968,8,14.4300144300144,IGR,6.13738101261458,-2.2532269796466697,0.37105710512800105,12.987012987013,UnknownGene,692
13,68483130,68484401,68483700,-2.4949787,10,15.7232704402516,5'Flank,4.07407128235933,-1.7030012350416002,0.7418270987137242,6.289308176100629,OR7E33P,1271
13,69441744,69442724,69442676,-3.5592439,6,6.11620795107034,IGR,5.29676862582599,-2.1930930821794,0.9423368696973531,6.11620795107034,UnknownGene,980
13,69707639,69708604,69707639,-1.9577909,7,7.2463768115942,IGR,3.2145691992731202,-1.1438785816010302,0.47482324913036705,6.211180124223599,UnknownGene,965
13,70192234,70192563,70192234,-1.858271,4,12.121212121212098,IGR,3.9553979903052503,-1.15168721129124,0.554376647744929,12.121212121212098,UnknownGene,329
13,70529611,70530239,70530191,-4.1687011,9,19.0779014308426,Intron,6.53949518183177,-2.69574906554175,1.0536453910505301,12.718600953895098,KLHL1,628
13,71193449,71194810,71194808,-7.8156106,14,11.7474302496329,IGR,19.0682524388381,-5.92238954124354,3.23190554905165,8.810572687224669,UnknownGene,1361
13,71599168,71599539,71599168,-5.6452374,6,16.1290322580645,Intron,6.135647700027571,-3.39670639591341,1.7306089120206698,13.440860215053801,LINC00348,371
13,71961531,71962205,71962032,-4.393959,7,11.8518518518519,IGR,5.3138920693049005,-2.49652218853678,1.50023210458615,10.3703703703704,UnknownGene,674
13,72308091,72309746,72309314,-4.477056299999999,13,11.4734299516908,Intron,10.5504968206502,-3.45955982795748,0.977196805116177,6.642512077294691,DACH1,1655
13,73782269,73783204,73783203,-5.6655195,12,16.025641025641,IGR,11.5472366903174,-3.8765367112227898,1.47192082912205,9.61538461538461,UnknownGene,935
13,74215830,74216312,74215830,-2.333184,4,8.2815734989648,Intron,4.1959194251284595,-1.4262623996095902,0.7297047234951429,8.2815734989648,LINC00393,482
13,78631571,78632228,78632155,-3.2191,5,12.1580547112462,Intron,4.26355840409329,-2.29015402572249,0.6199446680245889,7.5987841945288706,RNF219-AS1,657
13,79684773,79684788,79684788,-7.6513742,4,250.0,IGR,8.54802715029307,-7.078737492152589,1.05093215316531,250.0,UnknownGene,15
13,82403554,82404087,82404005,-4.0480169,6,13.1086142322097,IGR,5.479119179105769,-2.78762065025601,1.56356077888297,9.36329588014981,UnknownGene,533
13,82971612,82972033,82971612,-2.8824092,6,14.218009478673,IGR,3.5507771047161203,-1.83704597315099,0.9678378394072809,11.848341232227499,UnknownGene,421
13,83178482,83178913,83178482,-4.8308797,9,25.462962962963,IGR,10.2511651040431,-3.1069708998409102,1.3498194767179001,23.148148148148103,UnknownGene,431
13,83587851,83588997,83588801,-2.0341407,6,6.10287707061901,IGR,3.1265806825072597,-1.28263568326856,0.627990631285724,5.231037489102,UnknownGene,1146
13,84813775,84813883,84813851,-3.4817578,5,45.871559633027495,IGR,3.16668989422989,-3.12976041316572,0.23588529642705303,36.697247706422,UnknownGene,108
13,85280783,85281616,85281599,-5.356689299999999,10,11.9904076738609,IGR,10.5090004456865,-4.03896535502429,1.4108265793377,11.9904076738609,UnknownGene,833
13,87918602,87918659,87918657,-6.9330119,10,189.655172413793,IGR,11.285323578234198,-4.2978455048631,2.3237091792386098,155.172413793103,UnknownGene,57
13,87977181,87977666,87977664,-7.625779700000001,9,20.5761316872428,IGR,12.459505593571999,-5.077265356238519,3.46598617664262,16.4609053497942,UnknownGene,485
13,88277898,88280516,88280381,-3.9643182,16,8.40015273004964,Intron,7.53840721841349,-2.26919567452656,1.1732449113328,6.10920198549065,MIR4500HG,2618
13,88613782,88613850,88613782,-4.3914874,8,115.942028985507,IGR,4.45199832677418,-2.61902141601607,1.46766562884688,72.463768115942,UnknownGene,68
13,88658043,88660296,88659250,-4.055124500000001,11,7.098491570541261,IGR,3.8493702069907005,-1.44334921769521,1.19096122438313,3.5492457852706303,UnknownGene,2253
13,90553137,90553777,90553687,-1.7313197,4,6.2402496099844,IGR,3.5252209066307794,-1.2470275544188998,0.41768195776725797,6.2402496099844,UnknownGene,640
13,91317897,91318033,91317897,-3.5335358,6,51.09489051094889,IGR,4.82972462330876,-2.4406342106910603,1.27884319030225,43.7956204379562,ENSR00000518682,136
13,92500172,92500568,92500172,-2.4908099,6,15.1133501259446,Intron,3.9680664332229103,-1.87334744743664,0.47758908197671296,12.594458438287198,GPC5,396
13,92934168,92936394,92934431,-1.9656137999999999,11,6.7355186349348894,Intron,3.7283220019011,-1.08756835766455,0.508923786436622,4.04131118096093,GPC5,2226
13,93047198,93048753,93048162,-7.702729300000001,11,7.0694087403599,Intron,13.5972937978595,-4.641932666271769,3.58828054903402,5.7840616966580995,GPC5,1555
13,93618777,93619648,93619255,-2.0504328999999997,6,6.880733944954129,IGR,3.1283177278505296,-1.40410161902717,0.457832333522941,5.73394495412844,UnknownGene,871
13,93871344,93871344,93871344,-7.7117955,6,6000.0,IGR,9.81147345481272,-7.677998775602701,0.0394199986190567,4000.0,ENSR00001642603,0
13,94045312,94045384,94045380,-6.3913768,6,82.1917808219178,Intron,9.03770362622774,-4.54942006736266,2.1589288376300297,82.1917808219178,GPC6,72
13,99416438,99417387,99417331,-4.4441177000000005,6,13.684210526315802,IGR,4.5437412507236505,-2.49954560961806,1.0033417941902298,6.31578947368421,UnknownGene,949
13,99660464,99660466,99660464,-6.5534599,4,1333.33333333333,Intron,5.39023608452888,-3.9125686661768504,3.0192916348684595,1333.33333333333,DOCK9,2
13,100115335,100115479,100115427,-5.502302200000001,9,62.0689655172414,IGR,7.01532159246687,-3.4946795652656,2.073920805427,55.1724137931034,UnknownGene,144
13,101414316,101414387,101414336,-4.1705807,4,69.4444444444444,Intron,3.445714906998,-2.79404808666614,1.76297635408867,55.5555555555556,NALCN-AS1,71
13,101998436,101998438,101998438,-8.349008099999999,8,3000.0,Intron,15.9102696432599,-8.13705769366684,0.20078700091132504,2666.6666666666697,NALCN,2
13,105302415,105303821,105303821,-2.4996400000000003,9,6.39658848614072,IGR,4.69958900310536,-2.1211455758449,0.564049801372712,5.685856432125091,UnknownGene,1406
13,105391302,105392300,105392300,-4.1498737,6,6.006006006006009,IGR,5.80071444496393,-3.52007220064155,1.16237117302576,6.006006006006009,UnknownGene,998
13,107435403,107435779,107435611,-3.0135402,5,15.915119363395199,IGR,3.29558135419123,-2.2865295287777596,0.8490190966665571,13.262599469496,UnknownGene,376
13,108694150,108695348,108695343,-5.8414405,8,6.67222685571309,IGR,7.0448634191786805,-3.3366778608052896,2.15966935365318,6.67222685571309,UnknownGene,1198
13,109350080,109351444,109351442,-6.840386200000001,8,6.59340659340659,Intron,6.16564449227817,-3.02945199938804,1.7389829669784098,5.86080586080586,MYO16,1364
13,109994910,109996738,109996009,-3.8835987999999997,14,8.20120284308365,IGR,6.65262007373203,-2.67791681131866,0.997144702047558,7.65445598687808,UnknownGene,1828
13,110101416,110102077,110101966,-3.3372287000000003,8,13.595166163141998,IGR,3.44583086822312,-2.60147730927844,0.731924477027065,9.06344410876133,UnknownGene,661
13,110417779,110418275,110417877,-2.9801941000000003,7,14.084507042253499,Intron,3.5621706837118197,-2.29673151613101,0.867834809609111,12.072434607645901,IRS2,496
13,111037812,111038254,111037812,-4.228556299999999,15,42.8893905191874,Intron,9.5237492945003,-3.32917498236605,1.1190386903590501,29.345372460496602,COL4A2,442
13,112800538,112803481,112801419,-2.9424313,18,7.8125,IGR,5.19684048913386,-1.91970712935451,0.6914786217073029,6.79347826086957,UnknownGene,2943
13,112822363,112823827,112823751,-3.4238408,17,15.6996587030717,IGR,7.45844545717617,-2.547902203719,0.9452202621846421,10.2389078498294,UnknownGene,1464
